unix,low,high,open,close,volume,date,vol_fiat
1613692800,50725.0,56370.05,51596.0,55983.56,27961.48197104,2021-02-19,1565383303.6146362
1613779200,54000.1,57563.57,55983.57,55923.52,22137.82194494,2021-02-20,1238024928.2942908
1613865600,55531.23,58367.0,55921.44,57489.16,13530.43444443,2021-02-21,777853310.6453475
1613952000,46616.0,57577.69,57489.16,54142.13,49449.16575779,2021-02-22,2677283160.8498144
1614038400,44888.08,54206.22,54125.67,48899.99,72300.585728,2021-02-23,3535497919.093343
1614124800,47002.0,51415.41,48899.99,49737.82,30732.14949499,2021-02-24,1528550119.7949035
1614211200,46700.0,52107.83,49737.81,47058.48,28011.20414657,2021-02-25,1318164690.1072814
1614297600,44150.0,48464.64,47063.9,46326.2,36048.6181927,2021-02-26,1669995496.1186585
1614384000,45055.0,48356.86,46319.79,46180.75,16290.28071728,2021-02-27,752297381.2345284
1614470400,43016.0,46656.0,46169.92,45231.75,22745.60600179,2021-02-28,1028823564.271465
1614556800,45042.13,49829.0,45231.74,49639.4,25068.25043716,2021-03-01,1244372910.7503603
1614643200,47075.11,50250.0,49635.3,48511.6,17063.56302004,2021-03-02,827780743.8029724
1614729600,48161.75,52666.0,48502.18,50360.0,21301.47723933,2021-03-03,1072742393.7726588
1614816000,47502.0,51798.33,50370.33,48368.52,23386.97957577,2021-03-04,1131193589.3502228
1614902400,46219.32,49473.99,48370.97,48769.47,25468.18029576,2021-03-05,1242069654.8886585
1614988800,47077.0,49210.0,48766.01,48909.84,11877.83755909,2021-03-06,580943134.5610824
1615075200,48909.83,51459.0,48909.84,50978.61,13965.15473114,2021-03-07,711924176.628441
1615161600,49328.62,52425.0,50976.22,52415.23,18856.28684439,2021-03-08,988356611.8946762
1615248000,51845.01,54936.0,52413.17,54916.38,21177.14953983,2021-03-09,1162972391.4461293
1615334400,53025.0,57402.14,54921.61,55890.69,28326.07770941,2021-03-10,1583164028.1725445
1615420800,54283.0,58113.0,55888.7,57815.47,24369.21216789,2021-03-11,1408917455.0162792
1615507200,55050.0,58065.92,57820.15,57225.91,21760.53824103,2021-03-12,1245266602.9327412
1615593600,56083.74,61788.45,57220.84,61178.5,22301.28588901,2021-03-13,1364359218.7607982
1615680000,58950.0,61680.0,61181.38,58972.7,13581.96759058,2021-03-14,800965300.1289971
1615766400,54568.0,60601.07,58972.71,55636.15,31651.39184131,2021-03-15,1760961584.1918993
1615852800,53221.0,56970.0,55629.08,56927.11,24432.37878722,2021-03-16,1390864714.7817397
1615939200,54138.01,58996.38,56924.26,58925.54,22687.57433043,2021-03-17,1336877568.7107263
1616025600,56996.15,60100.0,58925.54,57644.95,21459.4962399,2021-03-18,1237031587.7742233
1616112000,56260.0,59461.99,57644.95,58039.66,16429.629743,2021-03-19,953570124.2096075
1616198400,57827.97,59928.0,58026.91,58116.7,9725.28123717,2021-03-20,565201252.0762377
1616284800,55543.89,58651.22,58126.34,57363.32,11841.63877891,2021-03-21,679275714.5990236
1616371200,53739.5,58421.68,57377.29,54110.07,19512.15647151,2021-03-22,1055804152.5243591
1616457600,53000.0,55858.0,54111.49,54345.54,19221.75674,2021-03-23,1044616749.7839396
1616544000,51673.82,57209.97,54333.27,52276.16,23775.21362623,2021-03-24,1242876871.5589797
1616630400,50305.0,53238.0,52259.69,51325.01,29642.04415588,2021-03-25,1521378212.7209828
1616716800,51250.0,55125.13,51320.76,55072.44,17843.00738205,2021-03-26,982657953.4675057
1616803200,53966.0,56640.0,55080.9,55856.53,11333.33349523,2021-03-27,633040682.3763193
1616889600,54701.0,56587.08,55856.54,55778.82,9235.80302347,2021-03-28,515162194.4015889
1616976000,54900.0,58400.0,55781.22,57613.48,17552.36885101,2021-03-29,1011253051.7502877
1617062400,57000.0,59397.48,57613.76,58786.46,15105.07669026,2021-03-30,887973986.6489019
1617148800,56873.8,59800.0,58786.46,58800.0,17376.62672814,2021-03-31,1021745651.614632
1617235200,57930.0,59474.94,58800.01,58726.48,11096.33004907,2021-04-01,651648404.7001084
1617321600,58441.88,60055.02,58726.47,58981.04,10966.93017846,2021-04-02,646840947.5329564
1617408000,56943.0,59752.0,58981.04,57094.34,8405.26400491,2021-04-03,479893000.88609314
1617494400,56478.53,58500.0,57094.34,58215.94,6301.43187883,2021-04-04,366843780.1720545
1617580800,56817.64,59251.76,58216.73,59123.02,9204.86323941,2021-04-05,544219313.4009023
1617667200,57333.33,59475.0,59134.07,58019.98,10354.33014603,2021-04-06,600758027.9860578
1617753600,55400.0,58630.0,58021.67,55955.75,17787.29445084,2021-04-07,995301401.4675903
1617840000,55700.0,58152.0,55962.67,58083.1,8073.59731731,2021-04-08,468939560.3410485
1617926400,57670.51,58869.69,58083.1,58092.68,8094.74629652,2021-04-09,470245506.28492147
1618012800,57875.41,61218.97,58092.68,59778.6,12817.81106734,2021-04-10,766230800.6700909
1618099200,59177.06,60658.89,59778.59,59985.26,7278.96516665,2021-04-11,436630618.0524436
1618185600,59369.0,61199.0,59983.66,59839.82,11467.72752999,2021-04-12,686226751.2036462
1618272000,59799.01,63774.39,59836.88,63588.22,17897.76603088,2021-04-13,1138087083.8801243
1618358400,61277.91,64899.0,63588.22,62971.8,22570.84113444,2021-04-14,1421326493.749729
1618444800,62036.73,63831.82,62971.8,63229.04,11209.4505281,2021-04-15,708762795.8192561
1618531200,60048.43,63604.34,63229.04,61427.27,19867.41322269,2021-04-16,1220400956.2317486
1618617600,59700.0,62572.48,61427.27,60058.86,10847.76785762,2021-04-17,651504571.0732995
1618704000,51300.0,60437.97,60067.2,56274.41,36891.70959047,2021-04-18,2076059191.0950413
1618790400,54187.85,57600.0,56273.65,55696.83,16838.39171629,2021-04-19,937845040.8956124
1618876800,53430.01,57111.0,55696.83,56499.29,18608.27983583,2021-04-20,1051354598.8457115
1618963200,53620.91,56810.56,56477.67,53800.86,15584.08398293,2021-04-21,838437120.5938593
1619049600,50400.0,55469.98,53795.62,51701.59,30427.89153907,2021-04-22,1573170372.917466
1619136000,47464.65,52130.58,51695.98,51187.27,38794.85818376,2021-04-23,1985802880.4638326
1619222400,48726.87,51260.61,51187.75,50089.15,11839.14355893,2021-04-24,593012637.5947787
1619308800,47044.01,50591.38,50101.42,49121.0,14633.51206544,2021-04-25,718812746.1664783
1619395200,48817.62,54400.0,49121.0,54053.6,18005.22399425,2021-04-26,973247175.6955917
1619481600,53321.0,55509.39,54047.8,55069.62,13957.08649512,2021-04-27,768611449.5933903
1619568000,53887.0,56476.17,55069.61,54894.03,16484.33677655,2021-04-28,904891677.542039
1619654400,52369.61,55226.86,54889.81,53580.0,14592.31688772,2021-04-29,781856338.8440377
1619740800,53068.43,58075.01,53580.0,57798.77,16536.33288912,2021-04-30,955779701.3016824
1619827200,57050.94,58550.0,57798.77,57859.28,10787.04933216,2021-05-01,624130907.6832584
1619913600,56072.0,57972.26,57859.28,56625.2,7647.62578087,2021-05-02,433048339.36691993
1620000000,56500.0,58986.0,56625.21,57212.73,15165.00648795,2021-05-03,867631421.6433316
1620086400,53057.7,57247.24,57212.73,53241.92,23492.0586849,2021-05-04,1250762309.136751
1620172800,52913.02,57980.86,53241.91,57515.69,22918.90458572,2021-05-05,1318196611.29185
1620259200,55288.0,58400.0,57515.69,56440.66,18244.13605211,2021-05-06,1029711079.9108828
1620345600,55300.0,58735.95,56444.82,57380.39,18323.8958022,2021-05-07,1051432287.4495989
1620432000,56980.01,59559.84,57380.39,58958.05,15374.94442964,2021-05-08,906476742.4299366
1620518400,56265.3,59300.52,58958.06,58312.57,17169.72318523,2021-05-09,1001210685.1193473
1620604800,53600.0,59592.2,58313.84,55866.41,24647.23540718,2021-05-10,1376952558.624035
1620691200,54511.48,56962.07,55866.38,56753.19,15446.63591676,2021-05-11,876645863.0447046
1620777600,48500.0,58041.0,56753.19,49498.77,29660.84273553,2021-05-12,1468175232.5721703
1620864000,46000.0,52500.0,49498.76,49690.11,42250.08740789,2021-05-13,2099411490.8076692
1620950400,48895.0,51569.56,49682.28,49893.48,21987.79362448,2021-05-14,1097047541.4471204
1621036800,46573.0,50730.58,49893.48,46775.51,21936.11454712,2021-05-15,1026072945.3599571
1621123200,43825.0,49808.28,46771.01,46450.79,30655.33064729,2021-05-16,1423964326.2778318
1621209600,42101.0,46646.15,46450.78,43580.5,43660.22208427,2021-05-17,1902734308.5435286
1621296000,42300.0,45851.0,43571.89,42857.15,28210.30024018,2021-05-18,1209013068.9384303
1621382400,30000.0,43591.7,42865.05,36731.75,109537.24233282,2021-05-19,4023494601.058561
1621468800,35000.0,42605.0,36735.44,40623.33,51445.79735691,2021-05-20,2089899603.1428828
1621555200,33501.54,42275.99,40623.24,37340.77,55961.90006046,2021-05-21,2089660438.9206228
1621641600,35257.52,38889.76,37333.09,37476.83,29239.02738254,2021-05-22,1095786058.5807965
1621728000,31111.0,38319.36,37476.84,34758.67,53433.30296532,2021-05-23,1857270544.7815793
1621814400,34407.17,39966.87,34758.88,38878.56,44419.45827713,2021-05-24,1726964573.7948952
1621900800,36481.26,39878.51,38874.53,38361.81,26107.55687287,2021-05-25,1001533136.3212329
1621987200,37837.36,40900.0,38361.81,39293.23,25107.68631485,2021-05-26,986562093.1372536
1622073600,37191.99,40440.95,39293.23,38556.88,19390.89447264,2021-05-27,747652391.2742437
1622160000,34688.0,38900.0,38556.88,35680.47,36231.72333985,2021-05-28,1292764917.675818
1622246400,33650.86,37325.0,35680.48,34627.82,27999.15073256,2021-05-29,969549551.7199558
1622332800,33333.0,36500.0,34627.81,35669.44,16038.94658082,2021-05-30,572100242.7277641
1622419200,34183.0,37534.09,35669.44,37279.31,19527.11600162,2021-05-31,727957410.8303524
1622505600,35669.14,37918.97,37276.23,36685.0,15713.10281689,2021-06-01,576435176.8376096
1622592000,35920.0,38237.37,36684.99,37577.91,13952.35891376,2021-06-02,524300487.54897106
1622678400,37184.88,39489.82,37581.83,39248.55,14325.7560692,2021-06-03,562265153.3697997
1622764800,35593.22,39291.24,39248.54,36856.52,17917.63251152,2021-06-04,660381581.0134871
1622851200,34832.17,37921.35,36856.53,35539.49,13654.69033381,2021-06-05,485280730.57153714
1622937600,35258.0,36477.86,35539.97,35800.48,8184.50324318,2021-06-06,293009144.6674008
1623024000,33333.0,36812.39,35800.48,33575.91,18997.71626987,2021-06-07,637865611.682691
1623110400,31004.95,34069.0,33567.26,33402.13,34937.55754915,2021-06-08,1166988839.1391895
1623196800,32408.53,37573.99,33402.13,37403.86,26040.89793254,2021-06-09,974030100.5430156
1623283200,35800.0,38425.67,37404.75,36694.05,19853.81418911,2021-06-10,728516850.5459118
1623369600,35944.0,37695.0,36694.91,37338.44,14142.19349961,2021-06-11,528047443.45357805
1623456000,34635.47,37448.0,37340.08,35557.33,14516.54556279,2021-06-12,516169601.03615975
1623542400,34780.57,39396.0,35557.32,39015.24,15748.96203951,2021-06-13,614449533.722372
1623628800,38744.83,41076.03,39015.24,40539.47,21916.84415956,2021-06-14,888497246.301158
1623715200,39510.98,41322.55,40537.93,40162.37,17020.70299457,2021-06-15,683591771.3280284
1623801600,38105.0,40499.0,40158.06,38351.0,17238.57541183,2021-06-16,661116605.6190923
1623888000,37365.63,39554.98,38351.0,38095.17,15970.35031651,2021-06-17,608393210.2670022
1623974400,35153.16,38216.22,38103.94,35841.81,23472.37724375,2021-06-18,841292485.4188112
1624060800,34833.26,36457.18,35840.96,35484.79,16801.08670642,2021-06-19,596183033.5491053
1624147200,33347.05,36139.73,35484.8,35585.78,19400.07454207,2021-06-20,690366784.6377038
1624233600,31259.0,35741.54,35585.79,31609.82,41304.39903519,2021-06-21,1305624618.7105296
1624320000,28800.0,33352.0,31609.82,32538.37,48409.17333487,2021-06-22,1575155593.3641338
1624406400,31708.03,34881.02,32538.9,33688.35,23124.81248294,2021-06-23,779036776.6096517
1624492800,32300.0,35295.67,33688.51,34654.58,16868.94084747,2021-06-24,584586060.1139169
1624579200,31300.0,35500.0,34654.87,31594.63,26505.19266978,2021-06-25,837421755.4804113
1624665600,30173.49,32711.68,31594.62,32275.19,18299.38702942,2021-06-26,590616193.258066
1624752000,32002.21,34749.0,32267.59,34709.23,14428.92978925,2021-06-27,500817042.70892984
1624838400,33864.99,35301.43,34708.53,34493.22,14920.2647883,2021-06-28,514647975.80108535
1624924800,34233.35,36675.0,34493.22,35904.28,17917.59826258,2021-06-29,643318464.9471858
1625011200,34033.0,36094.42,35906.17,35060.0,16700.72309396,2021-06-30,585527351.6742376
1625097600,32703.48,35066.54,35060.0,33516.11,13210.9509733,2021-07-01,442779686.02572984
1625184000,32704.73,33972.06,33510.93,33805.02,11765.65389836,2021-07-02,397738165.34713775
1625270400,33320.0,34953.07,33805.01,34682.16,6197.80112922,2021-07-03,214953130.41178873
1625356800,34390.53,35951.0,34685.03,35284.05,6224.03057033,2021-07-04,219609005.84505224
1625443200,33156.86,35290.82,35284.06,33697.78,9607.60619891,2021-07-05,323755000.0175054
1625529600,33300.0,35100.0,33697.78,34225.73,10313.01368118,2021-07-06,352970421.7383728
1625616000,33770.01,35077.46,34225.72,33878.56,9404.8979867,2021-07-07,318624400.7362951
1625702400,32111.0,33934.62,33879.5,32875.95,14147.3525248,2021-07-08,465107654.23769855
1625788800,32255.24,34100.0,32875.95,33824.26,8320.90649257,2021-07-09,281448504.6403758
1625875200,33027.83,34267.14,33824.25,33515.35,4906.24582215,2021-07-10,164434545.915395
1625961600,33333.33,34607.37,33515.35,34259.23,7023.06500489,2021-07-11,240604799.30747765
1626048000,32665.0,34670.0,34259.22,33091.1,10145.24046995,2021-07-12,335717166.91516244
1626134400,32201.12,33337.61,33077.43,32734.14,9478.04218884,2021-07-13,310255559.935395
1626220800,31600.0,33125.55,32734.14,32816.39,10355.3186961,2021-07-14,339824176.90550905
1626307200,31064.77,33187.6,32815.75,31868.68,11273.61174025,2021-07-15,359275124.9942704
1626393600,31025.42,32259.16,31872.49,31388.06,10006.47793721,2021-07-16,314083929.8818237
1626480000,31179.01,31949.99,31389.57,31533.91,5695.57411588,2021-07-17,179603721.5684895
1626566400,31125.6,32450.0,31533.9,31788.25,5006.4831051,2021-07-18,159147336.56569508
1626652800,30429.99,31887.82,31786.37,30842.03,11027.00528966,2021-07-19,340095227.95385236
1626739200,29301.56,31052.65,30842.04,29796.16,18114.15286104,2021-07-20,539732196.9120055
1626825600,29501.02,32825.0,29796.15,32135.19,15598.47830878,2021-07-21,501260064.163524
1626912000,31729.68,32611.84,32152.68,32287.74,7704.6404628,2021-07-22,248765428.0563661
1626998400,32000.0,33647.27,32287.75,33647.26,9004.84262627,2021-07-23,302988281.1051895
1627084800,33424.7,34525.0,33647.27,34283.01,9864.75243703,2021-07-24,338193406.44622386
1627171200,33888.89,35451.04,34291.67,35428.26,9434.63002297,2021-07-25,334252525.4575871
1627257600,35251.54,40593.93,35428.25,37262.77,40354.54555841,2021-07-26,1503722149.5975533
1627344000,36413.26,39550.0,37262.76,39470.48,24709.10440908,2021-07-27,975280211.396504
1627430400,38803.34,40925.56,39475.99,40035.1,27198.33358111,2021-07-28,1088888004.753097
1627516800,39229.47,40644.85,40035.1,40039.44,11022.42512817,2021-07-29,441331729.57385504
1627603200,38342.0,42320.57,40039.44,42237.95,15063.2344059,2021-07-30,636240141.6746839
1627689600,41064.11,42414.61,42233.66,41495.01,9351.94288576,2021-07-31,388058963.56404006
1627776000,39426.0,42605.64,41499.0,39865.41,10617.67293456,2021-08-01,423277884.7821376
1627862400,38690.0,40459.68,39859.18,39149.59,12379.41216528,2021-08-02,484648910.7117242
1627948800,37627.21,39785.3,39149.59,38191.44,15094.81739624,2021-08-03,576492812.8994563
1628035200,37509.0,39965.1,38189.4,39722.41,15327.67624669,2021-08-04,608852240.2182814
1628121600,37300.0,41447.89,39718.9,40888.74,28507.85532682,2021-08-05,1165650284.415958
1628208000,39876.74,43399.26,40888.73,42869.58,20425.1145444,2021-08-06,875616081.9703194
1628294400,42457.27,44750.0,42869.59,44637.34,19634.79475606,2021-08-07,876445009.3564672
1628380800,43131.97,45363.83,44628.11,43829.14,18712.27158173,2021-08-08,820142770.8736657
1628467200,42821.3,46497.42,43829.15,46285.48,19464.72493503,2021-08-09,900934136.6858325
1628553600,44650.27,46718.44,46280.0,45595.66,13756.50066875,2021-08-10,627236727.2820977
1628640000,45350.74,46781.09,45601.82,45553.49,11628.32043954,2021-08-11,529710578.859381
1628726400,43714.36,46223.95,45553.1,44422.14,13169.78176994,2021-08-12,585029889.5537225
1628812800,44249.64,47953.9,44422.15,47833.64,11794.94196257,2021-08-13,564195007.6584668
1628899200,46034.93,48176.52,47833.64,47109.65,8130.36769388,2021-08-14,383018776.4299939
1628985600,45525.19,47400.0,47109.64,47014.49,7745.70200802,2021-08-15,364160229.5990362
1629072000,45676.91,48076.52,47014.38,45902.46,10467.66031475,2021-08-16,480491358.8913993
1629158400,44405.39,47174.62,45903.22,44671.58,12756.14777945,2021-08-17,569837276.0215231
1629244800,44216.47,46035.27,44675.34,44707.98,10327.49887365,2021-08-18,461721613.09316677
1629331200,43955.0,47088.08,44709.1,46765.87,11938.12185013,2021-08-19,558296654.4873391
1629417600,46644.95,49400.0,46769.02,49342.4,13184.67048641,2021-08-20,650563285.0086367
1629504000,48285.28,49821.92,49349.99,48867.02,9574.83615164,2021-08-21,467893709.71891487
1629590400,48102.89,49526.13,48870.21,49284.63,6243.39643384,2021-08-22,307703483.18512386
1629676800,49012.84,50505.0,49284.38,49506.5,10824.26838095,2021-08-23,535871642.60150117
1629763200,47600.0,49875.9,49504.53,47682.45,12068.33823315,2021-08-24,575447934.3852632
1629849600,47122.02,49277.0,47682.45,48987.33,9289.23177109,2021-08-25,455054662.2168703
1629936000,46315.48,49365.1,48991.57,46851.47,11651.34373853,2021-08-26,545882581.6254262
1630022400,46361.01,49185.12,46851.47,49077.57,8924.12247655,2021-08-27,437974245.53145593
1630108800,48370.0,49309.83,49081.08,48942.94,4895.70191319,2021-08-28,239610044.99514338
1630195200,47801.0,49667.1,48942.89,48802.58,6935.09511006,2021-08-29,338450533.9163119
1630281600,46866.0,48906.51,48802.58,46993.71,12249.23741495,2021-08-30,575637110.79931
1630368000,46708.93,48259.68,46996.8,47112.5,12919.43970212,2021-08-31,608667102.9661285
1630454400,46537.62,49125.0,47110.33,48839.86,13010.83839478,2021-09-01,635447525.6836799
1630540800,48620.73,50392.19,48834.27,49279.37,14120.3826407,2021-09-02,695843560.6926324
1630627200,48349.66,51064.44,49279.38,50025.0,14577.22621879,2021-09-03,729225741.5949697
1630713600,49400.0,50558.75,50025.0,49942.98,7595.48816499,2021-09-04,379341313.5143323
1630800000,49500.0,51907.08,49944.89,51789.17,7743.93472308,2021-09-05,401051951.84249306
1630886400,51020.08,52802.03,51789.17,52698.81,9571.75471136,2021-09-06,504420082.90056545
1630972800,42830.77,52944.96,52698.8,46894.5,29022.815351,2021-09-07,1361010414.4774694
1631059200,44423.49,47381.47,46894.49,46060.36,19624.55093117,2021-09-08,903913880.7280254
1631145600,45511.82,47400.0,46059.94,46400.0,13594.64633403,2021-09-09,630791589.898992
1631232000,44140.48,47040.76,46396.26,44851.45,14905.54795341,2021-09-10,668535438.7549709
1631318400,44730.29,45989.94,44850.37,45171.83,6207.38337004,2021-09-11,280398866.33627397
1631404800,44754.31,46462.98,45173.66,46024.23,6499.85821749,2021-09-12,299150969.5691498
1631491200,43465.0,46900.0,46027.8,44947.72,15015.30289712,2021-09-13,674903630.3349386
1631577600,44679.92,47274.92,44953.23,47127.22,12644.16435358,2021-09-14,595884315.2073225
1631664000,46705.0,48475.0,47127.81,48148.12,12139.84206628,2021-09-15,584510572.5882974
1631750400,47020.82,48499.99,48144.03,47753.16,11739.27966629,2021-09-16,560587700.189093
1631836800,46752.67,48176.64,47753.15,47303.5,9088.56956453,2021-09-17,429921150.39574486
1631923200,47050.0,48825.62,47306.87,48314.56,7491.03449237,2021-09-18,361926035.4436799
1632009600,46850.87,48379.19,48309.86,47255.92,7086.34626236,2021-09-19,334871812.0663831
1632096000,42500.0,47358.92,47253.71,43012.97,27706.67636162,2021-09-20,1191746439.1420703
1632182400,39600.0,43639.88,43007.69,40719.6,27275.33818249,2021-09-21,1110640860.6557198
1632268800,40570.42,44035.44,40736.81,43575.1,19462.53865157,2021-09-22,848082067.996028
1632355200,43096.73,45000.0,43575.19,44897.59,13446.87468684,2021-09-23,603732266.4711206
1632441600,40683.29,45200.0,44896.55,42848.92,22451.57711462,2021-09-24,962025831.6581831
1632528000,41675.0,42998.76,42848.44,42705.51,7383.32390261,2021-09-25,315308612.7561504
1632614400,40803.0,43937.0,42705.51,43178.02,9971.64545213,2021-09-26,430555906.7649782
1632700800,42111.0,44366.96,43172.17,42171.76,10094.77099806,2021-09-27,425714259.7851468
1632787200,40897.7,42780.0,42166.31,41026.07,10491.81363045,2021-09-28,430437880.42979586
1632873600,40750.12,42638.99,41030.19,41522.16,10303.30152312,2021-09-29,427815334.3712324
1632960000,41409.67,44110.17,41519.11,43824.43,12835.9838101,2021-09-30,562529673.9668608
1633046400,43287.44,48500.0,43828.89,48165.76,20095.33155568,2021-10-01,967906916.8313096
1633132800,47451.0,48359.33,48165.76,47657.69,7262.63442143,2021-10-02,346120379.8398403
1633219200,47120.11,49300.0,47663.74,48233.99,7989.25925892,2021-10-03,385353851.2021547
1633305600,46916.7,49505.0,48233.99,49245.54,13938.64182971,2021-10-04,686415943.7706571
1633392000,49057.18,51906.23,49244.13,51493.99,17828.59726658,2021-10-05,918065609.3592979
1633478400,50416.01,55757.11,51499.77,55339.48,25869.64925998,2021-10-06,1431612937.829678
1633564800,53379.0,55356.85,55346.95,53797.82,15820.83417633,2021-10-07,851126389.2680496
1633651200,53634.41,56113.0,53805.46,53963.82,12416.9019906,2021-10-08,670063463.9783801
1633737600,53675.0,55500.0,53965.18,54962.29,7123.05512404,2021-10-09,391499421.4134725
1633824000,54112.95,56545.24,54963.29,54690.53,9370.1912382,2021-10-10,512460725.0185142
1633910400,54411.54,57833.23,54683.09,57487.44,13422.42081815,2021-10-11,771620611.4381491
1633996800,53873.78,57674.55,57485.97,56005.1,15457.00896085,2021-10-12,865671332.5533004
1634083200,54236.09,57771.33,56005.1,57367.32,14691.01338574,2021-10-13,842784066.02403
1634169600,56832.32,58520.71,57367.32,57359.51,12198.02457938,2021-10-14,699672712.841193
1634256000,56867.11,62910.0,57359.51,61695.39,27105.19764492,2021-10-15,1672265739.730421
1634342400,60139.01,62350.0,61690.32,60877.42,10161.25819825,2021-10-16,618591183.0633085
1634428800,58943.83,61744.17,60867.05,61527.11,9153.32273471,2021-10-17,563177494.764003
1634515200,59887.74,62675.19,61530.07,62042.41,19798.1489024,2021-10-18,1228324871.4437509
1634601600,61333.0,64500.0,62042.4,64303.14,17380.30486176,2021-10-19,1117608176.7684338
1634688000,63525.0,66999.0,64303.14,66026.54,19194.45410878,2021-10-20,1267343391.9915268
1634774400,62050.0,66650.85,66021.26,62204.02,23474.39133313,2021-10-21,1460201507.973845
1634860800,60000.0,63750.0,62204.01,60687.64,17217.70765017,2021-10-22,1044902043.4987628
1634947200,59650.0,61750.0,60682.88,61300.01,6708.15013802,2021-10-23,411209670.5421274
1635033600,59522.89,61491.96,61300.02,60854.48,8573.72719199,2021-10-24,521749709.93041164
1635120000,60653.5,63726.58,60847.91,63083.54,10496.58058683,2021-10-25,662161461.3125137
1635206400,59837.07,63290.49,63081.96,60337.62,12181.48144997,2021-10-26,735001598.7653389
1635292800,58100.0,61488.0,60333.19,58455.47,18856.68565412,2021-10-27,1102276422.553842
1635379200,57653.88,62477.47,58462.73,60591.65,19354.49897509,2021-10-28,1172721027.824012
1635465600,60188.73,62974.0,60591.63,62276.72,15497.01101939,2021-10-29,965103016.0914656
1635552000,60725.01,62379.2,62287.95,61892.41,6793.59698552,2021-10-30,420472090.00256795
1635638400,60001.0,62427.02,61896.38,61343.68,8371.1698899,2021-10-31,513518366.9516609
1635724800,59500.0,62500.0,61346.17,60949.54,11724.34161877,2021-11-01,714593228.4668869
1635811200,60672.16,64300.0,60956.4,63266.51,13694.11539462,2021-11-02,866378888.5548801
1635897600,60070.0,63568.36,63266.5,62935.41,12951.87181247,2021-11-03,815131362.7852427
1635984000,60728.77,63114.14,62935.4,61444.5,11051.75853921,2021-11-04,679069777.5624889
1636070400,60777.0,62638.59,61444.49,61006.15,10598.79620286,2021-11-05,646591750.9711076
1636156800,60125.0,61599.25,61006.14,61539.31,6366.43859189,2021-11-06,391786238.10228217
1636243200,61397.86,63327.96,61539.3,63309.13,5596.02460734,2021-11-07,354279449.34928703
1636329600,63309.12,67792.77,63309.12,67554.84,17661.87297159,2021-11-08,1193145002.696087
1636416000,66261.79,68568.85,67554.13,66944.66,14996.62508818,2021-11-09,1003943967.6756802
1636502400,62800.0,69000.0,66938.76,64912.2,19030.24517744,2021-11-10,1235295081.0070207
1636588800,64133.78,65600.0,64912.2,64807.59,10259.51472415,2021-11-11,664894423.8416762
1636675200,62300.0,65477.06,64807.73,64147.9,13658.626579,2021-11-12,876172211.9270341
1636761600,63394.17,64990.0,64144.42,64400.01,5968.10354833,2021-11-13,384345928.1934875
1636848000,63596.9,65525.0,64400.01,65505.02,6081.57225975,2021-11-14,398373512.50636894
1636934400,63371.0,66339.9,65505.03,63624.59,10426.55522646,2021-11-15,663385301.3958746
1637020800,58638.0,63624.6,63621.05,60107.98,24910.15267457,2021-11-16,1497298958.7600002
1637107200,58380.0,60824.38,60101.56,60351.51,20907.21545076,2021-11-17,1261782022.3486967
1637193600,56514.13,60977.21,60351.51,56898.0,26749.21203012,2021-11-18,1521976666.089768
1637280000,55625.0,58412.12,56898.46,58122.16,18554.56064192,2021-11-19,1078431142.3593771
1637366400,57423.35,59900.0,58122.15,59760.76,7584.65241653,2021-11-20,453264592.74766934
1637452800,58509.69,60070.0,59760.76,58671.21,6661.36635434,2021-11-21,390830424.26241654
1637539200,55641.03,59526.51,58671.22,56280.81,15889.22078935,2021-11-22,894258216.2934574
1637625600,55377.0,57886.03,56280.81,57566.85,14019.78167156,2021-11-23,807074668.5194438
1637712000,55875.01,57607.97,57562.65,57162.66,12509.25971944,2021-11-24,715062560.1940442
1637798400,57037.04,59445.99,57158.58,58987.27,10668.67680723,2021-11-25,629316119.370814
1637884800,53533.0,59194.0,58994.72,53757.67,25946.30174683,2021-11-26,1394812727.0265105
1637971200,53642.58,55316.67,53757.67,54759.05,7899.30349126,2021-11-27,432558354.8430809
1638057600,53327.0,57490.0,54759.04,57317.17,8222.42493442,2021-11-28,471286127.77839
1638144000,56730.0,58908.27,57318.51,57838.06,13454.23335496,2021-11-29,778166756.0381777
1638230400,55910.33,59249.77,57838.06,56987.97,18038.78770838,2021-11-30,1027993892.7615283
1638316800,56465.75,59118.84,56998.35,57226.5,16607.30872879,2021-12-01,950378152.968101
1638403200,55845.0,57423.69,57226.51,56521.46,12969.21952648,2021-12-02,733039222.6971582
1638489600,51640.0,57670.68,56521.45,53638.04,19567.63113833,2021-12-03,1049569381.7029902
1638576000,42333.0,53876.09,53633.02,49241.12,39023.32978526,2021-12-04,1921552464.755562
1638662400,47827.0,49783.0,49235.26,49484.22,21727.13821193,2021-12-05,1075150487.2495508
1638748800,47200.0,51105.0,49484.21,50529.56,23082.30465624,2021-12-06,1166338698.0657585
1638835200,50067.1,51995.0,50529.56,50625.48,14107.33216632,2021-12-07,714190462.43939
1638921600,48650.02,51250.0,50625.24,50519.68,13138.99183299,2021-12-08,663777662.9252682
1639008000,47323.23,50844.86,50520.94,47568.43,15749.4243393,2021-12-09,749175389.2242883
1639094400,46900.0,50148.49,47568.43,47170.94,15689.5742182,2021-12-10,740091964.0722591
1639180800,46786.78,49517.18,47170.94,49407.75,11045.22374119,2021-12-11,545719653.2987802
1639267200,48665.43,50828.13,49424.47,50089.64,10411.08180306,2021-12-12,521487339.52582633
1639353600,45727.92,50218.42,50089.64,46727.89,20797.28834629,2021-12-13,971813402.143721
1639440000,46300.0,48686.91,46727.89,48367.43,17107.0342879,2021-12-14,827423283.4276032
1639526400,48051.4,48795.0,48359.23,48132.38,1042.45013705,2021-12-15,50175606.127542675
